machine_name,machine_code,frequency,scheduled_date
PRIMARY JAW CRUSHER,AQPL/CR-01,1 month,2026-04-02
PRIMARY JAW CRUSHER,AQPL/CR-01,1 month,2026-05-02
PRIMARY JAW CRUSHER,AQPL/CR-01,1 month,2026-06-02
PRIMARY JAW CRUSHER,AQPL/CR-01,1 month,2026-07-02
PRIMARY JAW CRUSHER,AQPL/CR-01,1 month,2026-08-02
PRIMARY JAW CRUSHER,AQPL/CR-01,1 month,2026-09-02
PRIMARY JAW CRUSHER,AQPL/CR-01,1 month,2026-10-02
PRIMARY JAW CRUSHER,AQPL/CR-01,1 month,2026-11-02
PRIMARY JAW CRUSHER,AQPL/CR-01,1 month,2026-12-02
PRIMARY JAW CRUSHER,AQPL/CR-01,1 month,2027-01-02
PRIMARY JAW CRUSHER,AQPL/CR-01,1 month,2027-02-02
PRIMARY JAW CRUSHER,AQPL/CR-01,1 month,2027-03-02
SECONDARY CONE CRUSHER,AQPL/CR-02,1 month,2026-04-01
SECONDARY CONE CRUSHER,AQPL/CR-02,1 month,2026-05-01
SECONDARY CONE CRUSHER,AQPL/CR-02,1 month,2026-06-01
SECONDARY CONE CRUSHER,AQPL/CR-02,1 month,2026-07-01
SECONDARY CONE CRUSHER,AQPL/CR-02,1 month,2026-08-01
SECONDARY CONE CRUSHER,AQPL/CR-02,1 month,2026-09-01
SECONDARY CONE CRUSHER,AQPL/CR-02,1 month,2026-10-01
SECONDARY CONE CRUSHER,AQPL/CR-02,1 month,2026-11-01
SECONDARY CONE CRUSHER,AQPL/CR-02,1 month,2026-12-01
SECONDARY CONE CRUSHER,AQPL/CR-02,1 month,2027-01-01
SECONDARY CONE CRUSHER,AQPL/CR-02,1 month,2027-02-01
SECONDARY CONE CRUSHER,AQPL/CR-02,1 month,2027-03-01
TERTIARY CONE CRUSHER,AQPL/CR-03,1 month,2026-04-03
TERTIARY CONE CRUSHER,AQPL/CR-03,1 month,2026-05-03
TERTIARY CONE CRUSHER,AQPL/CR-03,1 month,2026-06-03
TERTIARY CONE CRUSHER,AQPL/CR-03,1 month,2026-07-03
TERTIARY CONE CRUSHER,AQPL/CR-03,1 month,2026-08-03
TERTIARY CONE CRUSHER,AQPL/CR-03,1 month,2026-09-03
TERTIARY CONE CRUSHER,AQPL/CR-03,1 month,2026-10-03
TERTIARY CONE CRUSHER,AQPL/CR-03,1 month,2026-11-03
TERTIARY CONE CRUSHER,AQPL/CR-03,1 month,2026-12-03
TERTIARY CONE CRUSHER,AQPL/CR-03,1 month,2027-01-03
TERTIARY CONE CRUSHER,AQPL/CR-03,1 month,2027-02-03
TERTIARY CONE CRUSHER,AQPL/CR-03,1 month,2027-03-03
PRIMARY CLASSICATION SCREEN,AQPL/CLS SCR-1,1 month,2026-04-04
PRIMARY CLASSICATION SCREEN,AQPL/CLS SCR-1,1 month,2026-05-04
PRIMARY CLASSICATION SCREEN,AQPL/CLS SCR-1,1 month,2026-06-04
PRIMARY CLASSICATION SCREEN,AQPL/CLS SCR-1,1 month,2026-07-04
PRIMARY CLASSICATION SCREEN,AQPL/CLS SCR-1,1 month,2026-08-04
PRIMARY CLASSICATION SCREEN,AQPL/CLS SCR-1,1 month,2026-09-04
PRIMARY CLASSICATION SCREEN,AQPL/CLS SCR-1,1 month,2026-10-04
PRIMARY CLASSICATION SCREEN,AQPL/CLS SCR-1,1 month,2026-11-04
PRIMARY CLASSICATION SCREEN,AQPL/CLS SCR-1,1 month,2026-12-04
PRIMARY CLASSICATION SCREEN,AQPL/CLS SCR-1,1 month,2027-01-04
PRIMARY CLASSICATION SCREEN,AQPL/CLS SCR-1,1 month,2027-02-04
PRIMARY CLASSICATION SCREEN,AQPL/CLS SCR-1,1 month,2027-03-04
SCRUBBER,AQPL/SCBR,1 month,2026-04-05
SCRUBBER,AQPL/SCBR,1 month,2026-05-05
SCRUBBER,AQPL/SCBR,1 month,2026-06-05
SCRUBBER,AQPL/SCBR,1 month,2026-07-05
SCRUBBER,AQPL/SCBR,1 month,2026-08-05
SCRUBBER,AQPL/SCBR,1 month,2026-09-05
SCRUBBER,AQPL/SCBR,1 month,2026-10-05
SCRUBBER,AQPL/SCBR,1 month,2026-11-05
SCRUBBER,AQPL/SCBR,1 month,2026-12-05
SCRUBBER,AQPL/SCBR,1 month,2027-01-05
SCRUBBER,AQPL/SCBR,1 month,2027-02-05
SCRUBBER,AQPL/SCBR,1 month,2027-03-05
WASHING CLASS. SCREEN,AQPL/CLS SCR-2,1 month,2026-04-06
WASHING CLASS. SCREEN,AQPL/CLS SCR-2,1 month,2026-05-06
WASHING CLASS. SCREEN,AQPL/CLS SCR-2,1 month,2026-06-06
WASHING CLASS. SCREEN,AQPL/CLS SCR-2,1 month,2026-07-06
WASHING CLASS. SCREEN,AQPL/CLS SCR-2,1 month,2026-08-06
WASHING CLASS. SCREEN,AQPL/CLS SCR-2,1 month,2026-09-06
WASHING CLASS. SCREEN,AQPL/CLS SCR-2,1 month,2026-10-06
WASHING CLASS. SCREEN,AQPL/CLS SCR-2,1 month,2026-11-06
WASHING CLASS. SCREEN,AQPL/CLS SCR-2,1 month,2026-12-06
WASHING CLASS. SCREEN,AQPL/CLS SCR-2,1 month,2027-01-06
WASHING CLASS. SCREEN,AQPL/CLS SCR-2,1 month,2027-02-06
WASHING CLASS. SCREEN,AQPL/CLS SCR-2,1 month,2027-03-06
DE-WATERING SCREEN,AQPL/DW SCR,1 month,2026-04-07
DE-WATERING SCREEN,AQPL/DW SCR,1 month,2026-05-07
DE-WATERING SCREEN,AQPL/DW SCR,1 month,2026-06-07
DE-WATERING SCREEN,AQPL/DW SCR,1 month,2026-07-07
DE-WATERING SCREEN,AQPL/DW SCR,1 month,2026-08-07
DE-WATERING SCREEN,AQPL/DW SCR,1 month,2026-09-07
DE-WATERING SCREEN,AQPL/DW SCR,1 month,2026-10-07
DE-WATERING SCREEN,AQPL/DW SCR,1 month,2026-11-07
DE-WATERING SCREEN,AQPL/DW SCR,1 month,2026-12-07
DE-WATERING SCREEN,AQPL/DW SCR,1 month,2027-01-07
DE-WATERING SCREEN,AQPL/DW SCR,1 month,2027-02-07
DE-WATERING SCREEN,AQPL/DW SCR,1 month,2027-03-07
THICKNER,AQPL/TKNR,1 month,2026-04-08
THICKNER,AQPL/TKNR,1 month,2026-05-08
THICKNER,AQPL/TKNR,1 month,2026-06-08
THICKNER,AQPL/TKNR,1 month,2026-07-08
THICKNER,AQPL/TKNR,1 month,2026-08-08
THICKNER,AQPL/TKNR,1 month,2026-09-08
THICKNER,AQPL/TKNR,1 month,2026-10-08
THICKNER,AQPL/TKNR,1 month,2026-11-08
THICKNER,AQPL/TKNR,1 month,2026-12-08
THICKNER,AQPL/TKNR,1 month,2027-01-08
THICKNER,AQPL/TKNR,1 month,2027-02-08
THICKNER,AQPL/TKNR,1 month,2027-03-08
FREASH WATER PUMP,AQPL/FRW PUMP,1 month,2026-04-09
FREASH WATER PUMP,AQPL/FRW PUMP,1 month,2026-05-09
FREASH WATER PUMP,AQPL/FRW PUMP,1 month,2026-06-09
FREASH WATER PUMP,AQPL/FRW PUMP,1 month,2026-07-09
FREASH WATER PUMP,AQPL/FRW PUMP,1 month,2026-08-09
FREASH WATER PUMP,AQPL/FRW PUMP,1 month,2026-09-09
FREASH WATER PUMP,AQPL/FRW PUMP,1 month,2026-10-09
FREASH WATER PUMP,AQPL/FRW PUMP,1 month,2026-11-09
FREASH WATER PUMP,AQPL/FRW PUMP,1 month,2026-12-09
FREASH WATER PUMP,AQPL/FRW PUMP,1 month,2027-01-09
FREASH WATER PUMP,AQPL/FRW PUMP,1 month,2027-02-09
FREASH WATER PUMP,AQPL/FRW PUMP,1 month,2027-03-09
PROCESS WATER PUMP TO SCRUBER,AQPL/SCBR PUMP,1 month,2026-04-10
PROCESS WATER PUMP TO SCRUBER,AQPL/SCBR PUMP,1 month,2026-05-10
PROCESS WATER PUMP TO SCRUBER,AQPL/SCBR PUMP,1 month,2026-06-10
PROCESS WATER PUMP TO SCRUBER,AQPL/SCBR PUMP,1 month,2026-07-10
PROCESS WATER PUMP TO SCRUBER,AQPL/SCBR PUMP,1 month,2026-08-10
PROCESS WATER PUMP TO SCRUBER,AQPL/SCBR PUMP,1 month,2026-09-10
PROCESS WATER PUMP TO SCRUBER,AQPL/SCBR PUMP,1 month,2026-10-10
PROCESS WATER PUMP TO SCRUBER,AQPL/SCBR PUMP,1 month,2026-11-10
PROCESS WATER PUMP TO SCRUBER,AQPL/SCBR PUMP,1 month,2026-12-10
PROCESS WATER PUMP TO SCRUBER,AQPL/SCBR PUMP,1 month,2027-01-10
PROCESS WATER PUMP TO SCRUBER,AQPL/SCBR PUMP,1 month,2027-02-10
PROCESS WATER PUMP TO SCRUBER,AQPL/SCBR PUMP,1 month,2027-03-10
PROCESS WATER PUMP TO CLASSIFYING SCREEN,AQPL/CLS SCR PUMP,1 month,2026-04-11
PROCESS WATER PUMP TO CLASSIFYING SCREEN,AQPL/CLS SCR PUMP,1 month,2026-05-11
PROCESS WATER PUMP TO CLASSIFYING SCREEN,AQPL/CLS SCR PUMP,1 month,2026-06-11
PROCESS WATER PUMP TO CLASSIFYING SCREEN,AQPL/CLS SCR PUMP,1 month,2026-07-11
PROCESS WATER PUMP TO CLASSIFYING SCREEN,AQPL/CLS SCR PUMP,1 month,2026-08-11
PROCESS WATER PUMP TO CLASSIFYING SCREEN,AQPL/CLS SCR PUMP,1 month,2026-09-11
PROCESS WATER PUMP TO CLASSIFYING SCREEN,AQPL/CLS SCR PUMP,1 month,2026-10-11
PROCESS WATER PUMP TO CLASSIFYING SCREEN,AQPL/CLS SCR PUMP,1 month,2026-11-11
PROCESS WATER PUMP TO CLASSIFYING SCREEN,AQPL/CLS SCR PUMP,1 month,2026-12-11
PROCESS WATER PUMP TO CLASSIFYING SCREEN,AQPL/CLS SCR PUMP,1 month,2027-01-11
PROCESS WATER PUMP TO CLASSIFYING SCREEN,AQPL/CLS SCR PUMP,1 month,2027-02-11
PROCESS WATER PUMP TO CLASSIFYING SCREEN,AQPL/CLS SCR PUMP,1 month,2027-03-11
HYDROCYCLON FEED PUMP,AQPL/HY CY PUMP,1 month,2026-04-12
HYDROCYCLON FEED PUMP,AQPL/HY CY PUMP,1 month,2026-05-12
HYDROCYCLON FEED PUMP,AQPL/HY CY PUMP,1 month,2026-06-12
HYDROCYCLON FEED PUMP,AQPL/HY CY PUMP,1 month,2026-07-12
HYDROCYCLON FEED PUMP,AQPL/HY CY PUMP,1 month,2026-08-12
HYDROCYCLON FEED PUMP,AQPL/HY CY PUMP,1 month,2026-09-12
HYDROCYCLON FEED PUMP,AQPL/HY CY PUMP,1 month,2026-10-12
HYDROCYCLON FEED PUMP,AQPL/HY CY PUMP,1 month,2026-11-12
HYDROCYCLON FEED PUMP,AQPL/HY CY PUMP,1 month,2026-12-12
HYDROCYCLON FEED PUMP,AQPL/HY CY PUMP,1 month,2027-01-12
HYDROCYCLON FEED PUMP,AQPL/HY CY PUMP,1 month,2027-02-12
HYDROCYCLON FEED PUMP,AQPL/HY CY PUMP,1 month,2027-03-12
THICKNER FEED PUMP,AQPL/TKR PUMP,1 month,2026-04-13
THICKNER FEED PUMP,AQPL/TKR PUMP,1 month,2026-05-13
THICKNER FEED PUMP,AQPL/TKR PUMP,1 month,2026-06-13
THICKNER FEED PUMP,AQPL/TKR PUMP,1 month,2026-07-13
THICKNER FEED PUMP,AQPL/TKR PUMP,1 month,2026-08-13
THICKNER FEED PUMP,AQPL/TKR PUMP,1 month,2026-09-13
THICKNER FEED PUMP,AQPL/TKR PUMP,1 month,2026-10-13
THICKNER FEED PUMP,AQPL/TKR PUMP,1 month,2026-11-13
THICKNER FEED PUMP,AQPL/TKR PUMP,1 month,2026-12-13
THICKNER FEED PUMP,AQPL/TKR PUMP,1 month,2027-01-13
THICKNER FEED PUMP,AQPL/TKR PUMP,1 month,2027-02-13
THICKNER FEED PUMP,AQPL/TKR PUMP,1 month,2027-03-13
HEATER-1,AQPL/HTR-1,1 month,2026-04-14
HEATER-1,AQPL/HTR-1,1 month,2026-05-14
HEATER-1,AQPL/HTR-1,1 month,2026-06-14
HEATER-1,AQPL/HTR-1,1 month,2026-07-14
HEATER-1,AQPL/HTR-1,1 month,2026-08-14
HEATER-1,AQPL/HTR-1,1 month,2026-09-14
HEATER-1,AQPL/HTR-1,1 month,2026-10-14
HEATER-1,AQPL/HTR-1,1 month,2026-11-14
HEATER-1,AQPL/HTR-1,1 month,2026-12-14
HEATER-1,AQPL/HTR-1,1 month,2027-01-14
HEATER-1,AQPL/HTR-1,1 month,2027-02-14
HEATER-1,AQPL/HTR-1,1 month,2027-03-14
HEATER-2,AQPL/HTR-2,1 month,2026-04-15
HEATER-2,AQPL/HTR-2,1 month,2026-05-15
HEATER-2,AQPL/HTR-2,1 month,2026-06-15
HEATER-2,AQPL/HTR-2,1 month,2026-07-15
HEATER-2,AQPL/HTR-2,1 month,2026-08-15
HEATER-2,AQPL/HTR-2,1 month,2026-09-15
HEATER-2,AQPL/HTR-2,1 month,2026-10-15
HEATER-2,AQPL/HTR-2,1 month,2026-11-15
HEATER-2,AQPL/HTR-2,1 month,2026-12-15
HEATER-2,AQPL/HTR-2,1 month,2027-01-15
HEATER-2,AQPL/HTR-2,1 month,2027-02-15
HEATER-2,AQPL/HTR-2,1 month,2027-03-15
HEATER-3,AQPL/HTR-3,1 month,2026-04-16
HEATER-3,AQPL/HTR-3,1 month,2026-05-16
HEATER-3,AQPL/HTR-3,1 month,2026-06-16
HEATER-3,AQPL/HTR-3,1 month,2026-07-16
HEATER-3,AQPL/HTR-3,1 month,2026-08-16
HEATER-3,AQPL/HTR-3,1 month,2026-09-16
HEATER-3,AQPL/HTR-3,1 month,2026-10-16
HEATER-3,AQPL/HTR-3,1 month,2026-11-16
HEATER-3,AQPL/HTR-3,1 month,2026-12-16
HEATER-3,AQPL/HTR-3,1 month,2027-01-16
HEATER-3,AQPL/HTR-3,1 month,2027-02-16
HEATER-3,AQPL/HTR-3,1 month,2027-03-16
TOMRA SCREEN-1,AQPL/TOM SCR-1,1 month,2026-04-17
TOMRA SCREEN-1,AQPL/TOM SCR-1,1 month,2026-05-17
TOMRA SCREEN-1,AQPL/TOM SCR-1,1 month,2026-06-17
TOMRA SCREEN-1,AQPL/TOM SCR-1,1 month,2026-07-17
TOMRA SCREEN-1,AQPL/TOM SCR-1,1 month,2026-08-17
TOMRA SCREEN-1,AQPL/TOM SCR-1,1 month,2026-09-17
TOMRA SCREEN-1,AQPL/TOM SCR-1,1 month,2026-10-17
TOMRA SCREEN-1,AQPL/TOM SCR-1,1 month,2026-11-17
TOMRA SCREEN-1,AQPL/TOM SCR-1,1 month,2026-12-17
TOMRA SCREEN-1,AQPL/TOM SCR-1,1 month,2027-01-17
TOMRA SCREEN-1,AQPL/TOM SCR-1,1 month,2027-02-17
TOMRA SCREEN-1,AQPL/TOM SCR-1,1 month,2027-03-17
TOMRA SCREEN-2,AQPL/TOM SCR-2,1 month,2026-04-18
TOMRA SCREEN-2,AQPL/TOM SCR-2,1 month,2026-05-18
TOMRA SCREEN-2,AQPL/TOM SCR-2,1 month,2026-06-18
TOMRA SCREEN-2,AQPL/TOM SCR-2,1 month,2026-07-18
TOMRA SCREEN-2,AQPL/TOM SCR-2,1 month,2026-08-18
TOMRA SCREEN-2,AQPL/TOM SCR-2,1 month,2026-09-18
TOMRA SCREEN-2,AQPL/TOM SCR-2,1 month,2026-10-18
TOMRA SCREEN-2,AQPL/TOM SCR-2,1 month,2026-11-18
TOMRA SCREEN-2,AQPL/TOM SCR-2,1 month,2026-12-18
TOMRA SCREEN-2,AQPL/TOM SCR-2,1 month,2027-01-18
TOMRA SCREEN-2,AQPL/TOM SCR-2,1 month,2027-02-18
TOMRA SCREEN-2,AQPL/TOM SCR-2,1 month,2027-03-18
TOMRA SCREEN-3,AQPL/TOM SCR-3,1 month,2026-04-19
TOMRA SCREEN-3,AQPL/TOM SCR-3,1 month,2026-05-19
TOMRA SCREEN-3,AQPL/TOM SCR-3,1 month,2026-06-19
TOMRA SCREEN-3,AQPL/TOM SCR-3,1 month,2026-07-19
TOMRA SCREEN-3,AQPL/TOM SCR-3,1 month,2026-08-19
TOMRA SCREEN-3,AQPL/TOM SCR-3,1 month,2026-09-19
TOMRA SCREEN-3,AQPL/TOM SCR-3,1 month,2026-10-19
TOMRA SCREEN-3,AQPL/TOM SCR-3,1 month,2026-11-19
TOMRA SCREEN-3,AQPL/TOM SCR-3,1 month,2026-12-19
TOMRA SCREEN-3,AQPL/TOM SCR-3,1 month,2027-01-19
TOMRA SCREEN-3,AQPL/TOM SCR-3,1 month,2027-02-19
TOMRA SCREEN-3,AQPL/TOM SCR-3,1 month,2027-03-19
TOMRA SORTER-1,AQPL/TMR-1,1 month,2026-04-20
TOMRA SORTER-1,AQPL/TMR-1,1 month,2026-05-20
TOMRA SORTER-1,AQPL/TMR-1,1 month,2026-06-20
TOMRA SORTER-1,AQPL/TMR-1,1 month,2026-07-20
TOMRA SORTER-1,AQPL/TMR-1,1 month,2026-08-20
TOMRA SORTER-1,AQPL/TMR-1,1 month,2026-09-20
TOMRA SORTER-1,AQPL/TMR-1,1 month,2026-10-20
TOMRA SORTER-1,AQPL/TMR-1,1 month,2026-11-20
TOMRA SORTER-1,AQPL/TMR-1,1 month,2026-12-20
TOMRA SORTER-1,AQPL/TMR-1,1 month,2027-01-20
TOMRA SORTER-1,AQPL/TMR-1,1 month,2027-02-20
TOMRA SORTER-1,AQPL/TMR-1,1 month,2027-03-20
TOMRA SORTER-2,AQPL/TMR-2,1 month,2026-04-21
TOMRA SORTER-2,AQPL/TMR-2,1 month,2026-05-21
TOMRA SORTER-2,AQPL/TMR-2,1 month,2026-06-21
TOMRA SORTER-2,AQPL/TMR-2,1 month,2026-07-21
TOMRA SORTER-2,AQPL/TMR-2,1 month,2026-08-21
TOMRA SORTER-2,AQPL/TMR-2,1 month,2026-09-21
TOMRA SORTER-2,AQPL/TMR-2,1 month,2026-10-21
TOMRA SORTER-2,AQPL/TMR-2,1 month,2026-11-21
TOMRA SORTER-2,AQPL/TMR-2,1 month,2026-12-21
TOMRA SORTER-2,AQPL/TMR-2,1 month,2027-01-21
TOMRA SORTER-2,AQPL/TMR-2,1 month,2027-02-21
TOMRA SORTER-2,AQPL/TMR-2,1 month,2027-03-21
TOMRA SORTER-3,AQPL/TMR-3,1 month,2026-04-22
TOMRA SORTER-3,AQPL/TMR-3,1 month,2026-05-22
TOMRA SORTER-3,AQPL/TMR-3,1 month,2026-06-22
TOMRA SORTER-3,AQPL/TMR-3,1 month,2026-07-22
TOMRA SORTER-3,AQPL/TMR-3,1 month,2026-08-22
TOMRA SORTER-3,AQPL/TMR-3,1 month,2026-09-22
TOMRA SORTER-3,AQPL/TMR-3,1 month,2026-10-22
TOMRA SORTER-3,AQPL/TMR-3,1 month,2026-11-22
TOMRA SORTER-3,AQPL/TMR-3,1 month,2026-12-22
TOMRA SORTER-3,AQPL/TMR-3,1 month,2027-01-22
TOMRA SORTER-3,AQPL/TMR-3,1 month,2027-02-22
TOMRA SORTER-3,AQPL/TMR-3,1 month,2027-03-22
TERTIARY CLASS. SCREEN,AQPL/CLS SCR-3,1 month,2026-04-23
TERTIARY CLASS. SCREEN,AQPL/CLS SCR-3,1 month,2026-05-23
TERTIARY CLASS. SCREEN,AQPL/CLS SCR-3,1 month,2026-06-23
TERTIARY CLASS. SCREEN,AQPL/CLS SCR-3,1 month,2026-07-23
TERTIARY CLASS. SCREEN,AQPL/CLS SCR-3,1 month,2026-08-23
TERTIARY CLASS. SCREEN,AQPL/CLS SCR-3,1 month,2026-09-23
TERTIARY CLASS. SCREEN,AQPL/CLS SCR-3,1 month,2026-10-23
TERTIARY CLASS. SCREEN,AQPL/CLS SCR-3,1 month,2026-11-23
TERTIARY CLASS. SCREEN,AQPL/CLS SCR-3,1 month,2026-12-23
TERTIARY CLASS. SCREEN,AQPL/CLS SCR-3,1 month,2027-01-23
TERTIARY CLASS. SCREEN,AQPL/CLS SCR-3,1 month,2027-02-23
TERTIARY CLASS. SCREEN,AQPL/CLS SCR-3,1 month,2027-03-23
TERTIARY RECIRCULATION B.C.,AQPL/TER BC-9,1 month,2026-04-24
TERTIARY RECIRCULATION B.C.,AQPL/TER BC-9,1 month,2026-05-24
TERTIARY RECIRCULATION B.C.,AQPL/TER BC-9,1 month,2026-06-24
TERTIARY RECIRCULATION B.C.,AQPL/TER BC-9,1 month,2026-07-24
TERTIARY RECIRCULATION B.C.,AQPL/TER BC-9,1 month,2026-08-24
TERTIARY RECIRCULATION B.C.,AQPL/TER BC-9,1 month,2026-09-24
TERTIARY RECIRCULATION B.C.,AQPL/TER BC-9,1 month,2026-10-24
TERTIARY RECIRCULATION B.C.,AQPL/TER BC-9,1 month,2026-11-24
TERTIARY RECIRCULATION B.C.,AQPL/TER BC-9,1 month,2026-12-24
TERTIARY RECIRCULATION B.C.,AQPL/TER BC-9,1 month,2027-01-24
TERTIARY RECIRCULATION B.C.,AQPL/TER BC-9,1 month,2027-02-24
TERTIARY RECIRCULATION B.C.,AQPL/TER BC-9,1 month,2027-03-24
PRIMARY BALL MILL,AQPL/BM-1,1 month,2026-04-25
PRIMARY BALL MILL,AQPL/BM-1,1 month,2026-05-25
PRIMARY BALL MILL,AQPL/BM-1,1 month,2026-06-25
PRIMARY BALL MILL,AQPL/BM-1,1 month,2026-07-25
PRIMARY BALL MILL,AQPL/BM-1,1 month,2026-08-25
PRIMARY BALL MILL,AQPL/BM-1,1 month,2026-09-25
PRIMARY BALL MILL,AQPL/BM-1,1 month,2026-10-25
PRIMARY BALL MILL,AQPL/BM-1,1 month,2026-11-25
PRIMARY BALL MILL,AQPL/BM-1,1 month,2026-12-25
PRIMARY BALL MILL,AQPL/BM-1,1 month,2027-01-25
PRIMARY BALL MILL,AQPL/BM-1,1 month,2027-02-25
PRIMARY BALL MILL,AQPL/BM-1,1 month,2027-03-25
PRIMARY DYNAMIC SEPERATOR,AQPL/DY SEP-1,1 month,2026-04-26
PRIMARY DYNAMIC SEPERATOR,AQPL/DY SEP-1,1 month,2026-05-26
PRIMARY DYNAMIC SEPERATOR,AQPL/DY SEP-1,1 month,2026-06-26
PRIMARY DYNAMIC SEPERATOR,AQPL/DY SEP-1,1 month,2026-07-26
PRIMARY DYNAMIC SEPERATOR,AQPL/DY SEP-1,1 month,2026-08-26
PRIMARY DYNAMIC SEPERATOR,AQPL/DY SEP-1,1 month,2026-09-26
PRIMARY DYNAMIC SEPERATOR,AQPL/DY SEP-1,1 month,2026-10-26
PRIMARY DYNAMIC SEPERATOR,AQPL/DY SEP-1,1 month,2026-11-26
PRIMARY DYNAMIC SEPERATOR,AQPL/DY SEP-1,1 month,2026-12-26
PRIMARY DYNAMIC SEPERATOR,AQPL/DY SEP-1,1 month,2027-01-26
PRIMARY DYNAMIC SEPERATOR,AQPL/DY SEP-1,1 month,2027-02-26
PRIMARY DYNAMIC SEPERATOR,AQPL/DY SEP-1,1 month,2027-03-26
PRIMARY BAG HOUSE,AQPL/PR BAG H,1 month,2026-04-27
PRIMARY BAG HOUSE,AQPL/PR BAG H,1 month,2026-05-02
PRIMARY BAG HOUSE,AQPL/PR BAG H,1 month,2026-06-27
PRIMARY BAG HOUSE,AQPL/PR BAG H,1 month,2026-07-27
PRIMARY BAG HOUSE,AQPL/PR BAG H,1 month,2026-08-27
PRIMARY BAG HOUSE,AQPL/PR BAG H,1 month,2026-09-27
PRIMARY BAG HOUSE,AQPL/PR BAG H,1 month,2026-10-27
PRIMARY BAG HOUSE,AQPL/PR BAG H,1 month,2026-11-27
PRIMARY BAG HOUSE,AQPL/PR BAG H,1 month,2026-12-27
PRIMARY BAG HOUSE,AQPL/PR BAG H,1 month,2027-01-27
PRIMARY BAG HOUSE,AQPL/PR BAG H,1 month,2027-02-27
PRIMARY BAG HOUSE,AQPL/PR BAG H,1 month,2027-03-27
MAGNETIC SEPERATOR-1,AQPL/MAG SEP-1,1 month,2026-04-28
MAGNETIC SEPERATOR-1,AQPL/MAG SEP-1,1 month,2026-05-28
MAGNETIC SEPERATOR-1,AQPL/MAG SEP-1,1 month,2026-06-28
MAGNETIC SEPERATOR-1,AQPL/MAG SEP-1,1 month,2026-07-28
MAGNETIC SEPERATOR-1,AQPL/MAG SEP-1,1 month,2026-08-28
MAGNETIC SEPERATOR-1,AQPL/MAG SEP-1,1 month,2026-09-28
MAGNETIC SEPERATOR-1,AQPL/MAG SEP-1,1 month,2026-10-28
MAGNETIC SEPERATOR-1,AQPL/MAG SEP-1,1 month,2026-11-28
MAGNETIC SEPERATOR-1,AQPL/MAG SEP-1,1 month,2026-12-28
MAGNETIC SEPERATOR-1,AQPL/MAG SEP-1,1 month,2027-01-28
MAGNETIC SEPERATOR-1,AQPL/MAG SEP-1,1 month,2027-02-28
MAGNETIC SEPERATOR-1,AQPL/MAG SEP-1,1 month,2027-03-28
MAGNETIC SEPERATOR-2,AQPL/MAG SEP-2,1 month,2026-04-29
MAGNETIC SEPERATOR-2,AQPL/MAG SEP-2,1 month,2026-05-29
MAGNETIC SEPERATOR-2,AQPL/MAG SEP-2,1 month,2026-06-29
MAGNETIC SEPERATOR-2,AQPL/MAG SEP-2,1 month,2026-07-29
MAGNETIC SEPERATOR-2,AQPL/MAG SEP-2,1 month,2026-08-29
MAGNETIC SEPERATOR-2,AQPL/MAG SEP-2,1 month,2026-09-29
MAGNETIC SEPERATOR-2,AQPL/MAG SEP-2,1 month,2026-10-29
MAGNETIC SEPERATOR-2,AQPL/MAG SEP-2,1 month,2026-11-29
MAGNETIC SEPERATOR-2,AQPL/MAG SEP-2,1 month,2026-12-29
MAGNETIC SEPERATOR-2,AQPL/MAG SEP-2,1 month,2027-01-29
MAGNETIC SEPERATOR-2,AQPL/MAG SEP-2,1 month,2027-03-29
PRIMARY VIBRO SCREEN,AQPL/VIB SCR-1,1 month,2026-04-30
PRIMARY VIBRO SCREEN,AQPL/VIB SCR-1,1 month,2026-05-30
PRIMARY VIBRO SCREEN,AQPL/VIB SCR-1,1 month,2026-06-30
PRIMARY VIBRO SCREEN,AQPL/VIB SCR-1,1 month,2026-07-30
PRIMARY VIBRO SCREEN,AQPL/VIB SCR-1,1 month,2026-08-30
PRIMARY VIBRO SCREEN,AQPL/VIB SCR-1,1 month,2026-09-30
PRIMARY VIBRO SCREEN,AQPL/VIB SCR-1,1 month,2026-10-30
PRIMARY VIBRO SCREEN,AQPL/VIB SCR-1,1 month,2026-11-30
PRIMARY VIBRO SCREEN,AQPL/VIB SCR-1,1 month,2026-12-30
PRIMARY VIBRO SCREEN,AQPL/VIB SCR-1,1 month,2027-01-30
PRIMARY VIBRO SCREEN,AQPL/VIB SCR-1,1 month,2027-03-30
SECONDARY VIBRO SCREEN,AQPL/VIB SCR-2,1 month,2026-04-10
SECONDARY VIBRO SCREEN,AQPL/VIB SCR-2,1 month,2026-05-10
SECONDARY VIBRO SCREEN,AQPL/VIB SCR-2,1 month,2026-06-10
SECONDARY VIBRO SCREEN,AQPL/VIB SCR-2,1 month,2026-07-10
SECONDARY VIBRO SCREEN,AQPL/VIB SCR-2,1 month,2026-08-10
SECONDARY VIBRO SCREEN,AQPL/VIB SCR-2,1 month,2026-09-10
SECONDARY VIBRO SCREEN,AQPL/VIB SCR-2,1 month,2026-10-10
SECONDARY VIBRO SCREEN,AQPL/VIB SCR-2,1 month,2026-11-10
SECONDARY VIBRO SCREEN,AQPL/VIB SCR-2,1 month,2026-12-10
SECONDARY VIBRO SCREEN,AQPL/VIB SCR-2,1 month,2027-01-10
SECONDARY VIBRO SCREEN,AQPL/VIB SCR-2,1 month,2027-02-10
SECONDARY VIBRO SCREEN,AQPL/VIB SCR-2,1 month,2027-03-10
PNEMATIC CONVEYING LINE,AQPL/P LINE,1 month,2026-04-11
PNEMATIC CONVEYING LINE,AQPL/P LINE,1 month,2026-05-11
PNEMATIC CONVEYING LINE,AQPL/P LINE,1 month,2026-06-11
PNEMATIC CONVEYING LINE,AQPL/P LINE,1 month,2026-07-11
PNEMATIC CONVEYING LINE,AQPL/P LINE,1 month,2026-08-11
PNEMATIC CONVEYING LINE,AQPL/P LINE,1 month,2026-09-11
PNEMATIC CONVEYING LINE,AQPL/P LINE,1 month,2026-10-11
PNEMATIC CONVEYING LINE,AQPL/P LINE,1 month,2026-11-11
PNEMATIC CONVEYING LINE,AQPL/P LINE,1 month,2026-12-11
PNEMATIC CONVEYING LINE,AQPL/P LINE,1 month,2027-01-11
PNEMATIC CONVEYING LINE,AQPL/P LINE,1 month,2027-02-11
PNEMATIC CONVEYING LINE,AQPL/P LINE,1 month,2027-03-11
SECONDARY BALL MILL,AQPL/BM-2,1 month,2026-04-12
SECONDARY BALL MILL,AQPL/BM-2,1 month,2026-05-12
SECONDARY BALL MILL,AQPL/BM-2,1 month,2026-06-12
SECONDARY BALL MILL,AQPL/BM-2,1 month,2026-07-12
SECONDARY BALL MILL,AQPL/BM-2,1 month,2026-08-12
SECONDARY BALL MILL,AQPL/BM-2,1 month,2026-09-12
SECONDARY BALL MILL,AQPL/BM-2,1 month,2026-10-12
SECONDARY BALL MILL,AQPL/BM-2,1 month,2026-11-12
SECONDARY BALL MILL,AQPL/BM-2,1 month,2026-12-12
SECONDARY BALL MILL,AQPL/BM-2,1 month,2027-01-12
SECONDARY BALL MILL,AQPL/BM-2,1 month,2027-02-12
SECONDARY BALL MILL,AQPL/BM-2,1 month,2027-03-12
SECONDARY DYNAMIC SEPERATOR,AQPL/DY SEP-2,1 month,2026-04-13
SECONDARY DYNAMIC SEPERATOR,AQPL/DY SEP-2,1 month,2026-05-13
SECONDARY DYNAMIC SEPERATOR,AQPL/DY SEP-2,1 month,2026-06-13
SECONDARY DYNAMIC SEPERATOR,AQPL/DY SEP-2,1 month,2026-07-13
SECONDARY DYNAMIC SEPERATOR,AQPL/DY SEP-2,1 month,2026-08-13
SECONDARY DYNAMIC SEPERATOR,AQPL/DY SEP-2,1 month,2026-09-13
SECONDARY DYNAMIC SEPERATOR,AQPL/DY SEP-2,1 month,2026-10-13
SECONDARY DYNAMIC SEPERATOR,AQPL/DY SEP-2,1 month,2026-11-13
SECONDARY DYNAMIC SEPERATOR,AQPL/DY SEP-2,1 month,2026-12-13
SECONDARY DYNAMIC SEPERATOR,AQPL/DY SEP-2,1 month,2027-01-13
SECONDARY DYNAMIC SEPERATOR,AQPL/DY SEP-2,1 month,2027-02-13
SECONDARY DYNAMIC SEPERATOR,AQPL/DY SEP-2,1 month,2027-03-13
SECONDARY BAG HOUSE,AQPL/SEC BAG H,1 month,2026-04-14
SECONDARY BAG HOUSE,AQPL/SEC BAG H,1 month,2026-05-14
SECONDARY BAG HOUSE,AQPL/SEC BAG H,1 month,2026-06-14
SECONDARY BAG HOUSE,AQPL/SEC BAG H,1 month,2026-07-14
SECONDARY BAG HOUSE,AQPL/SEC BAG H,1 month,2026-08-14
SECONDARY BAG HOUSE,AQPL/SEC BAG H,1 month,2026-09-14
SECONDARY BAG HOUSE,AQPL/SEC BAG H,1 month,2026-10-14
SECONDARY BAG HOUSE,AQPL/SEC BAG H,1 month,2026-11-14
SECONDARY BAG HOUSE,AQPL/SEC BAG H,1 month,2026-12-14
SECONDARY BAG HOUSE,AQPL/SEC BAG H,1 month,2027-01-14
SECONDARY BAG HOUSE,AQPL/SEC BAG H,1 month,2027-02-14
SECONDARY BAG HOUSE,AQPL/SEC BAG H,1 month,2027-03-14
PRIMARY ID FAN,AQPL/ID FAN-1,1 month,2026-04-15
PRIMARY ID FAN,AQPL/ID FAN-1,1 month,2026-05-15
PRIMARY ID FAN,AQPL/ID FAN-1,1 month,2026-06-15
PRIMARY ID FAN,AQPL/ID FAN-1,1 month,2026-07-15
PRIMARY ID FAN,AQPL/ID FAN-1,1 month,2026-08-15
PRIMARY ID FAN,AQPL/ID FAN-1,1 month,2026-09-15
PRIMARY ID FAN,AQPL/ID FAN-1,1 month,2026-10-15
PRIMARY ID FAN,AQPL/ID FAN-1,1 month,2026-11-15
PRIMARY ID FAN,AQPL/ID FAN-1,1 month,2026-12-15
PRIMARY ID FAN,AQPL/ID FAN-1,1 month,2027-01-15
PRIMARY ID FAN,AQPL/ID FAN-1,1 month,2027-02-15
PRIMARY ID FAN,AQPL/ID FAN-1,1 month,2027-03-15
SECONDARY ID FAN,AQPL/ID FAN-2,1 month,2026-04-16
SECONDARY ID FAN,AQPL/ID FAN-2,1 month,2026-05-16
SECONDARY ID FAN,AQPL/ID FAN-2,1 month,2026-06-16
SECONDARY ID FAN,AQPL/ID FAN-2,1 month,2026-07-16
SECONDARY ID FAN,AQPL/ID FAN-2,1 month,2026-08-16
SECONDARY ID FAN,AQPL/ID FAN-2,1 month,2026-09-16
SECONDARY ID FAN,AQPL/ID FAN-2,1 month,2026-10-16
SECONDARY ID FAN,AQPL/ID FAN-2,1 month,2026-11-16
SECONDARY ID FAN,AQPL/ID FAN-2,1 month,2026-12-16
SECONDARY ID FAN,AQPL/ID FAN-2,1 month,2027-01-16
SECONDARY ID FAN,AQPL/ID FAN-2,1 month,2027-02-16
SECONDARY ID FAN,AQPL/ID FAN-2,1 month,2027-03-16
EOT CRANE-1,AQPL/EOT CR-1,1 month,2026-04-17
EOT CRANE-1,AQPL/EOT CR-1,1 month,2026-05-17
EOT CRANE-1,AQPL/EOT CR-1,1 month,2026-06-17
EOT CRANE-1,AQPL/EOT CR-1,1 month,2026-07-17
EOT CRANE-1,AQPL/EOT CR-1,1 month,2026-08-17
EOT CRANE-1,AQPL/EOT CR-1,1 month,2026-09-17
EOT CRANE-1,AQPL/EOT CR-1,1 month,2026-10-17
EOT CRANE-1,AQPL/EOT CR-1,1 month,2026-11-17
EOT CRANE-1,AQPL/EOT CR-1,1 month,2026-12-17
EOT CRANE-1,AQPL/EOT CR-1,1 month,2027-01-17
EOT CRANE-1,AQPL/EOT CR-1,1 month,2027-02-17
EOT CRANE-1,AQPL/EOT CR-1,1 month,2027-03-17
EOT CRANE-2,AQPL/EOT CR-2,1 month,2026-04-18
EOT CRANE-2,AQPL/EOT CR-2,1 month,2026-05-18
EOT CRANE-2,AQPL/EOT CR-2,1 month,2026-06-18
EOT CRANE-2,AQPL/EOT CR-2,1 month,2026-07-18
EOT CRANE-2,AQPL/EOT CR-2,1 month,2026-08-18
EOT CRANE-2,AQPL/EOT CR-2,1 month,2026-09-18
EOT CRANE-2,AQPL/EOT CR-2,1 month,2026-10-18
EOT CRANE-2,AQPL/EOT CR-2,1 month,2026-11-18
EOT CRANE-2,AQPL/EOT CR-2,1 month,2026-12-18
EOT CRANE-2,AQPL/EOT CR-2,1 month,2027-01-18
EOT CRANE-2,AQPL/EOT CR-2,1 month,2027-02-18
EOT CRANE-2,AQPL/EOT CR-2,1 month,2027-03-18
EOT CRANE-3,AQPL/EOT CR-3,1 month,2026-04-19
EOT CRANE-3,AQPL/EOT CR-3,1 month,2026-05-19
EOT CRANE-3,AQPL/EOT CR-3,1 month,2026-06-19
EOT CRANE-3,AQPL/EOT CR-3,1 month,2026-07-19
EOT CRANE-3,AQPL/EOT CR-3,1 month,2026-08-19
EOT CRANE-3,AQPL/EOT CR-3,1 month,2026-09-19
EOT CRANE-3,AQPL/EOT CR-3,1 month,2026-10-19
EOT CRANE-3,AQPL/EOT CR-3,1 month,2026-11-19
EOT CRANE-3,AQPL/EOT CR-3,1 month,2026-12-19
EOT CRANE-3,AQPL/EOT CR-3,1 month,2027-01-19
EOT CRANE-3,AQPL/EOT CR-3,1 month,2027-02-19
EOT CRANE-3,AQPL/EOT CR-3,1 month,2027-03-19
COMPRESSOR-1,AQPL/COMP-1,1 month,2026-04-20
COMPRESSOR-1,AQPL/COMP-1,1 month,2026-05-20
COMPRESSOR-1,AQPL/COMP-1,1 month,2026-06-20
COMPRESSOR-1,AQPL/COMP-1,1 month,2026-07-20
COMPRESSOR-1,AQPL/COMP-1,1 month,2026-08-20
COMPRESSOR-1,AQPL/COMP-1,1 month,2026-09-20
COMPRESSOR-1,AQPL/COMP-1,1 month,2026-10-20
COMPRESSOR-1,AQPL/COMP-1,1 month,2026-11-20
COMPRESSOR-1,AQPL/COMP-1,1 month,2026-12-20
COMPRESSOR-1,AQPL/COMP-1,1 month,2027-01-20
COMPRESSOR-1,AQPL/COMP-1,1 month,2027-02-20
COMPRESSOR-1,AQPL/COMP-1,1 month,2027-03-20
COMPRESSOR-2,AQPL/COMP-2,1 month,2026-04-21
COMPRESSOR-2,AQPL/COMP-2,1 month,2026-05-21
COMPRESSOR-2,AQPL/COMP-2,1 month,2026-06-21
COMPRESSOR-2,AQPL/COMP-2,1 month,2026-07-21
COMPRESSOR-2,AQPL/COMP-2,1 month,2026-08-21
COMPRESSOR-2,AQPL/COMP-2,1 month,2026-09-21
COMPRESSOR-2,AQPL/COMP-2,1 month,2026-10-21
COMPRESSOR-2,AQPL/COMP-2,1 month,2026-11-21
COMPRESSOR-2,AQPL/COMP-2,1 month,2026-12-21
COMPRESSOR-2,AQPL/COMP-2,1 month,2027-01-21
COMPRESSOR-2,AQPL/COMP-2,1 month,2027-02-21
COMPRESSOR-2,AQPL/COMP-2,1 month,2027-03-21
COMPRESSOR-3,AQPL/COMP-3,1 month,2026-04-22
COMPRESSOR-3,AQPL/COMP-3,1 month,2026-05-22
COMPRESSOR-3,AQPL/COMP-3,1 month,2026-06-22
COMPRESSOR-3,AQPL/COMP-3,1 month,2026-07-22
COMPRESSOR-3,AQPL/COMP-3,1 month,2026-08-22
COMPRESSOR-3,AQPL/COMP-3,1 month,2026-09-22
COMPRESSOR-3,AQPL/COMP-3,1 month,2026-10-22
COMPRESSOR-3,AQPL/COMP-3,1 month,2026-11-22
COMPRESSOR-3,AQPL/COMP-3,1 month,2026-12-22
COMPRESSOR-3,AQPL/COMP-3,1 month,2027-01-22
COMPRESSOR-3,AQPL/COMP-3,1 month,2027-02-22
COMPRESSOR-3,AQPL/COMP-3,1 month,2027-03-22
COMPRESSOR-4,AQPL/COMP-4,1 month,2026-04-23
COMPRESSOR-4,AQPL/COMP-4,1 month,2026-05-23
COMPRESSOR-4,AQPL/COMP-4,1 month,2026-06-23
COMPRESSOR-4,AQPL/COMP-4,1 month,2026-07-23
COMPRESSOR-4,AQPL/COMP-4,1 month,2026-08-23
COMPRESSOR-4,AQPL/COMP-4,1 month,2026-09-23
COMPRESSOR-4,AQPL/COMP-4,1 month,2026-10-23
COMPRESSOR-4,AQPL/COMP-4,1 month,2026-11-23
COMPRESSOR-4,AQPL/COMP-4,1 month,2026-12-23
COMPRESSOR-4,AQPL/COMP-4,1 month,2027-01-23
COMPRESSOR-4,AQPL/COMP-4,1 month,2027-02-23
COMPRESSOR-4,AQPL/COMP-4,1 month,2027-03-23
COMPRESSOR-5,AQPL/COMP-5,1 month,2026-04-24
COMPRESSOR-5,AQPL/COMP-5,1 month,2026-05-24
COMPRESSOR-5,AQPL/COMP-5,1 month,2026-06-24
COMPRESSOR-5,AQPL/COMP-5,1 month,2026-07-24
COMPRESSOR-5,AQPL/COMP-5,1 month,2026-08-24
COMPRESSOR-5,AQPL/COMP-5,1 month,2026-09-24
COMPRESSOR-5,AQPL/COMP-5,1 month,2026-10-24
COMPRESSOR-5,AQPL/COMP-5,1 month,2026-11-24
COMPRESSOR-5,AQPL/COMP-5,1 month,2026-12-24
COMPRESSOR-5,AQPL/COMP-5,1 month,2027-01-24
COMPRESSOR-5,AQPL/COMP-5,1 month,2027-02-24
COMPRESSOR-5,AQPL/COMP-5,1 month,2027-03-24
CHILLER-1,AQPL/CHLR-1,1 month,2026-04-25
CHILLER-1,AQPL/CHLR-1,1 month,2026-05-25
CHILLER-1,AQPL/CHLR-1,1 month,2026-06-25
CHILLER-1,AQPL/CHLR-1,1 month,2026-07-25
CHILLER-1,AQPL/CHLR-1,1 month,2026-08-25
CHILLER-1,AQPL/CHLR-1,1 month,2026-09-25
CHILLER-1,AQPL/CHLR-1,1 month,2026-10-25
CHILLER-1,AQPL/CHLR-1,1 month,2026-11-25
CHILLER-1,AQPL/CHLR-1,1 month,2026-12-25
CHILLER-1,AQPL/CHLR-1,1 month,2027-01-25
CHILLER-1,AQPL/CHLR-1,1 month,2027-02-25
CHILLER-1,AQPL/CHLR-1,1 month,2027-03-25
CHILLER-2,AQPL/CHLR-2,1 month,2026-04-26
CHILLER-2,AQPL/CHLR-2,1 month,2026-05-26
CHILLER-2,AQPL/CHLR-2,1 month,2026-06-26
CHILLER-2,AQPL/CHLR-2,1 month,2026-07-26
CHILLER-2,AQPL/CHLR-2,1 month,2026-08-26
CHILLER-2,AQPL/CHLR-2,1 month,2026-09-26
CHILLER-2,AQPL/CHLR-2,1 month,2026-10-26
CHILLER-2,AQPL/CHLR-2,1 month,2026-11-26
CHILLER-2,AQPL/CHLR-2,1 month,2026-12-26
CHILLER-2,AQPL/CHLR-2,1 month,2027-01-26
CHILLER-2,AQPL/CHLR-2,1 month,2027-02-26
CHILLER-2,AQPL/CHLR-2,1 month,2027-03-26
CHILLER-3,AQPL/CHLR-3,1 month,2026-04-27
CHILLER-3,AQPL/CHLR-3,1 month,2026-05-27
CHILLER-3,AQPL/CHLR-3,1 month,2026-06-27
CHILLER-3,AQPL/CHLR-3,1 month,2026-07-27
CHILLER-3,AQPL/CHLR-3,1 month,2026-08-27
CHILLER-3,AQPL/CHLR-3,1 month,2026-09-27
CHILLER-3,AQPL/CHLR-3,1 month,2026-10-27
CHILLER-3,AQPL/CHLR-3,1 month,2026-11-27
CHILLER-3,AQPL/CHLR-3,1 month,2026-12-27
CHILLER-3,AQPL/CHLR-3,1 month,2027-01-27
CHILLER-3,AQPL/CHLR-3,1 month,2027-02-27
CHILLER-3,AQPL/CHLR-3,1 month,2027-03-27
COOLING TOWER,AQPL/COOL TWR,1 month,2026-04-28
COOLING TOWER,AQPL/COOL TWR,1 month,2026-05-28
COOLING TOWER,AQPL/COOL TWR,1 month,2026-06-28
COOLING TOWER,AQPL/COOL TWR,1 month,2026-07-28
COOLING TOWER,AQPL/COOL TWR,1 month,2026-08-28
COOLING TOWER,AQPL/COOL TWR,1 month,2026-09-28
COOLING TOWER,AQPL/COOL TWR,1 month,2026-10-28
COOLING TOWER,AQPL/COOL TWR,1 month,2026-11-28
COOLING TOWER,AQPL/COOL TWR,1 month,2026-12-27
COOLING TOWER,AQPL/COOL TWR,1 month,2027-01-28
COOLING TOWER,AQPL/COOL TWR,1 month,2027-02-28
COOLING TOWER,AQPL/COOL TWR,1 month,2027-03-28
PACKING FIBC-A,AQPL/FIBC-A,1 month,2026-04-29
PACKING FIBC-A,AQPL/FIBC-A,1 month,2026-05-29
PACKING FIBC-A,AQPL/FIBC-A,1 month,2026-06-29
PACKING FIBC-A,AQPL/FIBC-A,1 month,2026-07-29
PACKING FIBC-A,AQPL/FIBC-A,1 month,2026-08-29
PACKING FIBC-A,AQPL/FIBC-A,1 month,2026-09-29
PACKING FIBC-A,AQPL/FIBC-A,1 month,2026-10-29
PACKING FIBC-A,AQPL/FIBC-A,1 month,2026-11-29
PACKING FIBC-A,AQPL/FIBC-A,1 month,2026-12-29
PACKING FIBC-A,AQPL/FIBC-A,1 month,2027-01-29
PACKING FIBC-A,AQPL/FIBC-A,1 month,2027-03-29
PACKING FIBC-B,AQPL/FIBC-B,1 month,2026-04-30
PACKING FIBC-B,AQPL/FIBC-B,1 month,2026-05-30
PACKING FIBC-B,AQPL/FIBC-B,1 month,2026-06-30
PACKING FIBC-B,AQPL/FIBC-B,1 month,2026-07-30
PACKING FIBC-B,AQPL/FIBC-B,1 month,2026-08-30
PACKING FIBC-B,AQPL/FIBC-B,1 month,2026-09-30
PACKING FIBC-B,AQPL/FIBC-B,1 month,2026-10-30
PACKING FIBC-B,AQPL/FIBC-B,1 month,2026-11-30
PACKING FIBC-B,AQPL/FIBC-B,1 month,2026-12-30
PACKING FIBC-B,AQPL/FIBC-B,1 month,2027-01-30
PACKING FIBC-B,AQPL/FIBC-B,1 month,2027-03-30
PACKING FIBC-C,AQPL/FIBC-C,1 month,2026-04-09
PACKING FIBC-C,AQPL/FIBC-C,1 month,2026-05-09
PACKING FIBC-C,AQPL/FIBC-C,1 month,2026-06-09
PACKING FIBC-C,AQPL/FIBC-C,1 month,2026-07-09
PACKING FIBC-C,AQPL/FIBC-C,1 month,2026-08-09
PACKING FIBC-C,AQPL/FIBC-C,1 month,2026-09-09
PACKING FIBC-C,AQPL/FIBC-C,1 month,2026-10-09
PACKING FIBC-C,AQPL/FIBC-C,1 month,2026-11-09
PACKING FIBC-C,AQPL/FIBC-C,1 month,2026-12-09
PACKING FIBC-C,AQPL/FIBC-C,1 month,2027-01-09
PACKING FIBC-C,AQPL/FIBC-C,1 month,2027-02-09
PACKING FIBC-C,AQPL/FIBC-C,1 month,2027-03-09
PLAIN BAG PACKING MACHINE,AQPL/PAC MC,1 month,2026-04-08
PLAIN BAG PACKING MACHINE,AQPL/PAC MC,1 month,2026-05-08
PLAIN BAG PACKING MACHINE,AQPL/PAC MC,1 month,2026-06-08
PLAIN BAG PACKING MACHINE,AQPL/PAC MC,1 month,2026-07-08
PLAIN BAG PACKING MACHINE,AQPL/PAC MC,1 month,2026-08-08
PLAIN BAG PACKING MACHINE,AQPL/PAC MC,1 month,2026-09-08
PLAIN BAG PACKING MACHINE,AQPL/PAC MC,1 month,2026-10-08
PLAIN BAG PACKING MACHINE,AQPL/PAC MC,1 month,2026-11-08
PLAIN BAG PACKING MACHINE,AQPL/PAC MC,1 month,2026-12-08
PLAIN BAG PACKING MACHINE,AQPL/PAC MC,1 month,2027-01-08
PLAIN BAG PACKING MACHINE,AQPL/PAC MC,1 month,2027-02-08
PLAIN BAG PACKING MACHINE,AQPL/PAC MC,1 month,2027-03-08
DG SET,AQPL/DG,1 month,2026-04-07
DG SET,AQPL/DG,1 month,2026-05-07
DG SET,AQPL/DG,1 month,2026-06-07
DG SET,AQPL/DG,1 month,2026-07-07
DG SET,AQPL/DG,1 month,2026-08-07
DG SET,AQPL/DG,1 month,2026-09-07
DG SET,AQPL/DG,1 month,2026-10-07
DG SET,AQPL/DG,1 month,2026-11-07
DG SET,AQPL/DG,1 month,2026-12-07
DG SET,AQPL/DG,1 month,2027-01-07
DG SET,AQPL/DG,1 month,2027-02-07
DG SET,AQPL/DG,1 month,2027-03-07
TRANSFORMER,AQPL/TX,1 month,2026-04-06
TRANSFORMER,AQPL/TX,1 month,2026-05-06
TRANSFORMER,AQPL/TX,1 month,2026-06-06
TRANSFORMER,AQPL/TX,1 month,2026-07-06
TRANSFORMER,AQPL/TX,1 month,2026-08-06
TRANSFORMER,AQPL/TX,1 month,2026-09-06
TRANSFORMER,AQPL/TX,1 month,2026-10-06
TRANSFORMER,AQPL/TX,1 month,2026-11-06
TRANSFORMER,AQPL/TX,1 month,2026-12-06
TRANSFORMER,AQPL/TX,1 month,2027-01-06
TRANSFORMER,AQPL/TX,1 month,2027-02-06
TRANSFORMER,AQPL/TX,1 month,2027-03-06
SORTING MACHINE,AQPL/SORT MACH,1 month,2026-04-05
SORTING MACHINE,AQPL/SORT MACH,1 month,2026-05-05
SORTING MACHINE,AQPL/SORT MACH,1 month,2026-06-05
SORTING MACHINE,AQPL/SORT MACH,1 month,2026-07-05
SORTING MACHINE,AQPL/SORT MACH,1 month,2026-08-05
SORTING MACHINE,AQPL/SORT MACH,1 month,2026-09-05
SORTING MACHINE,AQPL/SORT MACH,1 month,2026-10-05
SORTING MACHINE,AQPL/SORT MACH,1 month,2026-11-05
SORTING MACHINE,AQPL/SORT MACH,1 month,2026-12-05
SORTING MACHINE,AQPL/SORT MACH,1 month,2027-01-05
SORTING MACHINE,AQPL/SORT MACH,1 month,2027-02-05
SORTING MACHINE,AQPL/SORT MACH,1 month,2027-03-05
TERTIARY CONE CRUSHER FEED B.C.,AQPL/TER BC-7,1 month,2026-04-04
TERTIARY CONE CRUSHER FEED B.C.,AQPL/TER BC-7,1 month,2026-05-04
TERTIARY CONE CRUSHER FEED B.C.,AQPL/TER BC-7,1 month,2026-06-04
TERTIARY CONE CRUSHER FEED B.C.,AQPL/TER BC-7,1 month,2026-07-04
TERTIARY CONE CRUSHER FEED B.C.,AQPL/TER BC-7,1 month,2026-08-04
TERTIARY CONE CRUSHER FEED B.C.,AQPL/TER BC-7,1 month,2026-09-04
TERTIARY CONE CRUSHER FEED B.C.,AQPL/TER BC-7,1 month,2026-10-04
TERTIARY CONE CRUSHER FEED B.C.,AQPL/TER BC-7,1 month,2026-11-04
TERTIARY CONE CRUSHER FEED B.C.,AQPL/TER BC-7,1 month,2026-12-04
TERTIARY CONE CRUSHER FEED B.C.,AQPL/TER BC-7,1 month,2027-01-04
TERTIARY CONE CRUSHER FEED B.C.,AQPL/TER BC-7,1 month,2027-02-04
TERTIARY CONE CRUSHER FEED B.C.,AQPL/TER BC-7,1 month,2027-03-04
TERTIARY CONE CRUSHER DIS. B.C.,AQPL/TER BC-8,1 month,2026-04-03
TERTIARY CONE CRUSHER DIS. B.C.,AQPL/TER BC-8,1 month,2026-05-03
TERTIARY CONE CRUSHER DIS. B.C.,AQPL/TER BC-8,1 month,2026-06-03
TERTIARY CONE CRUSHER DIS. B.C.,AQPL/TER BC-8,1 month,2026-07-03
TERTIARY CONE CRUSHER DIS. B.C.,AQPL/TER BC-8,1 month,2026-08-03
TERTIARY CONE CRUSHER DIS. B.C.,AQPL/TER BC-8,1 month,2026-09-03
TERTIARY CONE CRUSHER DIS. B.C.,AQPL/TER BC-8,1 month,2026-10-03
TERTIARY CONE CRUSHER DIS. B.C.,AQPL/TER BC-8,1 month,2026-11-03
TERTIARY CONE CRUSHER DIS. B.C.,AQPL/TER BC-8,1 month,2026-12-03
TERTIARY CONE CRUSHER DIS. B.C.,AQPL/TER BC-8,1 month,2027-01-03
TERTIARY CONE CRUSHER DIS. B.C.,AQPL/TER BC-8,1 month,2027-02-03
TERTIARY CONE CRUSHER DIS. B.C.,AQPL/TER BC-8,1 month,2027-03-03
TERTIARY LAXMI CLS. SCR UNDER SIZE B.C.,AQPL/TER BC-12,1 month,2026-04-02
TERTIARY LAXMI CLS. SCR UNDER SIZE B.C.,AQPL/TER BC-12,1 month,2026-05-02
TERTIARY LAXMI CLS. SCR UNDER SIZE B.C.,AQPL/TER BC-12,1 month,2026-06-02
TERTIARY LAXMI CLS. SCR UNDER SIZE B.C.,AQPL/TER BC-12,1 month,2026-07-02
TERTIARY LAXMI CLS. SCR UNDER SIZE B.C.,AQPL/TER BC-12,1 month,2026-08-02
TERTIARY LAXMI CLS. SCR UNDER SIZE B.C.,AQPL/TER BC-12,1 month,2026-09-02
TERTIARY LAXMI CLS. SCR UNDER SIZE B.C.,AQPL/TER BC-12,1 month,2026-10-02
TERTIARY LAXMI CLS. SCR UNDER SIZE B.C.,AQPL/TER BC-12,1 month,2026-11-02
TERTIARY LAXMI CLS. SCR UNDER SIZE B.C.,AQPL/TER BC-12,1 month,2026-12-02
TERTIARY LAXMI CLS. SCR UNDER SIZE B.C.,AQPL/TER BC-12,1 month,2027-01-02
TERTIARY LAXMI CLS. SCR UNDER SIZE B.C.,AQPL/TER BC-12,1 month,2027-02-02
TERTIARY LAXMI CLS. SCR UNDER SIZE B.C.,AQPL/TER BC-12,1 month,2027-03-02
TERTIARY CLASS.SCREEN DIS. B.C.,AQPL/TER BC-10,1 month,2026-04-01
TERTIARY CLASS.SCREEN DIS. B.C.,AQPL/TER BC-10,1 month,2026-05-01
TERTIARY CLASS.SCREEN DIS. B.C.,AQPL/TER BC-10,1 month,2026-06-01
TERTIARY CLASS.SCREEN DIS. B.C.,AQPL/TER BC-10,1 month,2026-07-01
TERTIARY CLASS.SCREEN DIS. B.C.,AQPL/TER BC-10,1 month,2026-08-01
TERTIARY CLASS.SCREEN DIS. B.C.,AQPL/TER BC-10,1 month,2026-09-01
TERTIARY CLASS.SCREEN DIS. B.C.,AQPL/TER BC-10,1 month,2026-10-01
TERTIARY CLASS.SCREEN DIS. B.C.,AQPL/TER BC-10,1 month,2026-11-01
TERTIARY CLASS.SCREEN DIS. B.C.,AQPL/TER BC-10,1 month,2026-12-01
TERTIARY CLASS.SCREEN DIS. B.C.,AQPL/TER BC-10,1 month,2027-01-01
TERTIARY CLASS.SCREEN DIS. B.C.,AQPL/TER BC-10,1 month,2027-02-01
TERTIARY CLASS.SCREEN DIS. B.C.,AQPL/TER BC-10,1 month,2027-03-01
TERTIARY CLASS.SCREEN POWDER B.C.,AQPL/TER BC-11,1 month,2026-04-11
TERTIARY CLASS.SCREEN POWDER B.C.,AQPL/TER BC-11,1 month,2026-05-11
TERTIARY CLASS.SCREEN POWDER B.C.,AQPL/TER BC-11,1 month,2026-06-11
TERTIARY CLASS.SCREEN POWDER B.C.,AQPL/TER BC-11,1 month,2026-07-11
TERTIARY CLASS.SCREEN POWDER B.C.,AQPL/TER BC-11,1 month,2026-08-11
TERTIARY CLASS.SCREEN POWDER B.C.,AQPL/TER BC-11,1 month,2026-09-11
TERTIARY CLASS.SCREEN POWDER B.C.,AQPL/TER BC-11,1 month,2026-10-11
TERTIARY CLASS.SCREEN POWDER B.C.,AQPL/TER BC-11,1 month,2026-11-11
TERTIARY CLASS.SCREEN POWDER B.C.,AQPL/TER BC-11,1 month,2026-12-11
TERTIARY CLASS.SCREEN POWDER B.C.,AQPL/TER BC-11,1 month,2027-01-11
TERTIARY CLASS.SCREEN POWDER B.C.,AQPL/TER BC-11,1 month,2027-02-11
TERTIARY CLASS.SCREEN POWDER B.C.,AQPL/TER BC-11,1 month,2027-03-11
TERTIARY LAXMI SCREEN OVERSIZE B.C.,AQPL/TER BC-14,1 month,2026-04-12
TERTIARY LAXMI SCREEN OVERSIZE B.C.,AQPL/TER BC-14,1 month,2026-05-12
TERTIARY LAXMI SCREEN OVERSIZE B.C.,AQPL/TER BC-14,1 month,2026-06-12
TERTIARY LAXMI SCREEN OVERSIZE B.C.,AQPL/TER BC-14,1 month,2026-07-12
TERTIARY LAXMI SCREEN OVERSIZE B.C.,AQPL/TER BC-14,1 month,2026-08-12
TERTIARY LAXMI SCREEN OVERSIZE B.C.,AQPL/TER BC-14,1 month,2026-09-12
TERTIARY LAXMI SCREEN OVERSIZE B.C.,AQPL/TER BC-14,1 month,2026-10-12
TERTIARY LAXMI SCREEN OVERSIZE B.C.,AQPL/TER BC-14,1 month,2026-11-12
TERTIARY LAXMI SCREEN OVERSIZE B.C.,AQPL/TER BC-14,1 month,2026-12-12
TERTIARY LAXMI SCREEN OVERSIZE B.C.,AQPL/TER BC-14,1 month,2027-01-12
TERTIARY LAXMI SCREEN OVERSIZE B.C.,AQPL/TER BC-14,1 month,2027-02-12
TERTIARY LAXMI SCREEN OVERSIZE B.C.,AQPL/TER BC-14,1 month,2027-03-12
TERTIARY MAGNETIC SEPERATOR DIS. B.C.,AQPL/TER BC-13,1 month,2026-04-13
TERTIARY MAGNETIC SEPERATOR DIS. B.C.,AQPL/TER BC-13,1 month,2026-05-13
TERTIARY MAGNETIC SEPERATOR DIS. B.C.,AQPL/TER BC-13,1 month,2026-06-13
TERTIARY MAGNETIC SEPERATOR DIS. B.C.,AQPL/TER BC-13,1 month,2026-07-13
TERTIARY MAGNETIC SEPERATOR DIS. B.C.,AQPL/TER BC-13,1 month,2026-08-13
TERTIARY MAGNETIC SEPERATOR DIS. B.C.,AQPL/TER BC-13,1 month,2026-09-13
TERTIARY MAGNETIC SEPERATOR DIS. B.C.,AQPL/TER BC-13,1 month,2026-10-13
TERTIARY MAGNETIC SEPERATOR DIS. B.C.,AQPL/TER BC-13,1 month,2026-11-13
TERTIARY MAGNETIC SEPERATOR DIS. B.C.,AQPL/TER BC-13,1 month,2026-12-13
TERTIARY MAGNETIC SEPERATOR DIS. B.C.,AQPL/TER BC-13,1 month,2027-01-13
TERTIARY MAGNETIC SEPERATOR DIS. B.C.,AQPL/TER BC-13,1 month,2027-02-13
TERTIARY MAGNETIC SEPERATOR DIS. B.C.,AQPL/TER BC-13,1 month,2027-03-13
TERTIARY LAXMI CLASSIFICATION SCREEN,AQPL/TER LAX CLS SCR,1 month,2026-04-14
TERTIARY LAXMI CLASSIFICATION SCREEN,AQPL/TER LAX CLS SCR,1 month,2026-05-14
TERTIARY LAXMI CLASSIFICATION SCREEN,AQPL/TER LAX CLS SCR,1 month,2026-06-14
TERTIARY LAXMI CLASSIFICATION SCREEN,AQPL/TER LAX CLS SCR,1 month,2026-07-14
TERTIARY LAXMI CLASSIFICATION SCREEN,AQPL/TER LAX CLS SCR,1 month,2026-08-14
TERTIARY LAXMI CLASSIFICATION SCREEN,AQPL/TER LAX CLS SCR,1 month,2026-09-14
TERTIARY LAXMI CLASSIFICATION SCREEN,AQPL/TER LAX CLS SCR,1 month,2026-10-14
TERTIARY LAXMI CLASSIFICATION SCREEN,AQPL/TER LAX CLS SCR,1 month,2026-11-14
TERTIARY LAXMI CLASSIFICATION SCREEN,AQPL/TER LAX CLS SCR,1 month,2026-12-14
TERTIARY LAXMI CLASSIFICATION SCREEN,AQPL/TER LAX CLS SCR,1 month,2027-01-14
TERTIARY LAXMI CLASSIFICATION SCREEN,AQPL/TER LAX CLS SCR,1 month,2027-02-14
TERTIARY LAXMI CLASSIFICATION SCREEN,AQPL/TER LAX CLS SCR,1 month,2027-03-14
BALL MILL HOPPER FEED B.C.,AQPL/TER H-7,1 month,2026-04-15
BALL MILL HOPPER FEED B.C.,AQPL/TER H-7,1 month,2026-05-15
BALL MILL HOPPER FEED B.C.,AQPL/TER H-7,1 month,2026-06-15
BALL MILL HOPPER FEED B.C.,AQPL/TER H-7,1 month,2026-07-15
BALL MILL HOPPER FEED B.C.,AQPL/TER H-7,1 month,2026-08-15
BALL MILL HOPPER FEED B.C.,AQPL/TER H-7,1 month,2026-09-15
BALL MILL HOPPER FEED B.C.,AQPL/TER H-7,1 month,2026-10-15
BALL MILL HOPPER FEED B.C.,AQPL/TER H-7,1 month,2026-11-15
BALL MILL HOPPER FEED B.C.,AQPL/TER H-7,1 month,2026-12-15
BALL MILL HOPPER FEED B.C.,AQPL/TER H-7,1 month,2027-01-15
BALL MILL HOPPER FEED B.C.,AQPL/TER H-7,1 month,2027-02-15
BALL MILL HOPPER FEED B.C.,AQPL/TER H-7,1 month,2027-03-15
